{
    "table-5": {
        "x": 228.09375,
        "y": 373.8125
    },
    "table-4": {
        "x": 589.09375,
        "y": 6.8125
    }
}