{
    "table-5": {
        "x": 331.09375,
        "y": 259.8125
    },
    "table-4": {
        "x": 589.09375,
        "y": 6.8125
    }
}