{
    "table-5": {
        "x": 139.265625,
        "y": 279.40625
    },
    "table-4": {
        "x": 589.09375,
        "y": 6.8125
    }
}